Ocean basin and water mass (along density surfaces; see text),calendar age bin (years BP),binned mean (all samples),binned standard deviation (all samples),n (all samples),binned standard error (all samples),binned mean (no outliers),binned standard deviation (no outliers),n (no outliers),binned standard error (no outliers),LOESS mean 14C ventilation age (years BP),LOESS SE 14C ventilation age (years BP)
ATLANTIC BOTTOM,250,1299,51,2,36,1299,51,2,36,1361,271
ATLANTIC BOTTOM,750,NA,NA,0,NA,NA,NA,0,NA,1242,224
ATLANTIC BOTTOM,1250,1192,364,2,257,1192,364,2,257,1135,190
ATLANTIC BOTTOM,1750,NA,NA,0,NA,NA,NA,0,NA,1042,167
ATLANTIC BOTTOM,2250,1045,319,4,160,1045,319,4,160,961,155
ATLANTIC BOTTOM,2750,NA,NA,0,NA,NA,NA,0,NA,893,153
ATLANTIC BOTTOM,3250,NA,NA,0,NA,NA,NA,0,NA,839,156
ATLANTIC BOTTOM,3750,955,89,3,51,955,89,3,51,797,162
ATLANTIC BOTTOM,4250,NA,NA,0,NA,NA,NA,0,NA,765,169
ATLANTIC BOTTOM,4750,232,234,3,135,232,234,3,135,742,175
ATLANTIC BOTTOM,5250,NA,NA,0,NA,NA,NA,0,NA,735,180
ATLANTIC BOTTOM,5750,NA,NA,0,NA,NA,NA,0,NA,748,184
ATLANTIC BOTTOM,6250,NA,NA,0,NA,NA,NA,0,NA,776,194
ATLANTIC BOTTOM,6750,794,583,3,337,794,583,3,337,812,207
ATLANTIC BOTTOM,7250,1114,786,2,555,1114,786,2,555,853,216
ATLANTIC BOTTOM,7750,NA,NA,0,NA,NA,NA,0,NA,903,210
ATLANTIC BOTTOM,8250,NA,NA,0,NA,NA,NA,0,NA,967,193
ATLANTIC BOTTOM,8750,NA,NA,0,NA,NA,NA,0,NA,1038,178
ATLANTIC BOTTOM,9250,NA,NA,0,NA,NA,NA,0,NA,1108,175
ATLANTIC BOTTOM,9750,NA,NA,0,NA,NA,NA,0,NA,1169,180
ATLANTIC BOTTOM,10250,1078,330,2,234,1078,330,2,234,1213,181
ATLANTIC BOTTOM,10750,1124,351,3,203,1124,351,3,203,1238,168
ATLANTIC BOTTOM,11250,1333,676,3,391,1333,676,3,391,1269,153
ATLANTIC BOTTOM,11750,1293,711,9,237,1293,711,9,237,1272,147
ATLANTIC BOTTOM,12250,1550,492,11,148,1550,492,11,148,1270,157
ATLANTIC BOTTOM,12750,1765,263,7,99,1765,263,7,99,1279,161
ATLANTIC BOTTOM,13250,739,324,8,115,739,324,8,115,1264,159
ATLANTIC BOTTOM,13750,1285,227,9,76,1285,227,9,76,1291,171
ATLANTIC BOTTOM,14250,1370,723,10,229,1370,723,10,229,1531,162
ATLANTIC BOTTOM,14750,1626,644,5,288,1626,644,5,288,1828,171
ATLANTIC BOTTOM,15250,2712,714,12,206,2712,714,12,206,2183,162
ATLANTIC BOTTOM,15750,2524,457,8,162,2524,457,8,162,2513,171
ATLANTIC BOTTOM,16250,2355,663,9,221,2355,663,9,221,2669,162
ATLANTIC BOTTOM,16750,3208,916,6,374,3208,916,6,374,2745,171
ATLANTIC BOTTOM,17250,2169,523,7,198,2169,523,7,198,2719,171
ATLANTIC BOTTOM,17750,3216,657,4,328,3216,657,4,328,2631,162
ATLANTIC BOTTOM,18250,2083,481,11,145,2083,481,11,145,2507,171
ATLANTIC BOTTOM,18750,2714,854,8,302,2714,854,8,302,2352,162
ATLANTIC BOTTOM,19250,1938,635,5,284,1938,635,5,284,2206,171
ATLANTIC BOTTOM,19750,2031,570,17,138,2031,570,17,138,2119,171
ATLANTIC BOTTOM,20250,2198,901,6,368,2198,901,6,368,2108,162
ATLANTIC BOTTOM,20750,2153,915,5,409,2153,915,5,409,2123,171
ATLANTIC BOTTOM,21250,2106,452,5,202,2106,452,5,202,2149,162
ATLANTIC BOTTOM,21750,2407,444,4,222,2407,444,4,222,2182,171
ATLANTIC BOTTOM,22250,1863,419,3,242,1863,419,3,242,2167,171
ATLANTIC BOTTOM,22750,2313,92,5,41,2313,92,5,41,2212,162
ATLANTIC BOTTOM,23250,2403,710,2,502,2403,710,2,502,2263,157
ATLANTIC BOTTOM,23750,1902,249,2,176,1902,249,2,176,2299,148
ATLANTIC BOTTOM,24250,2667,111,2,79,2667,111,2,79,2332,149
ATLANTIC BOTTOM,24750,2628,236,3,136,2628,236,3,136,2356,186
ATLANTIC BOTTOM,25250,2114,1693,3,978,2114,1693,3,978,2373,275
ATLANTIC BOTTOM,25750,NA,NA,0,NA,NA,NA,0,NA,NA,NA
ATLANTIC MID,250,1017,257,6,105,1017,257,6,105,988,146
ATLANTIC MID,750,872,292,5,130,872,292,5,130,953,119
ATLANTIC MID,1250,NA,NA,0,NA,NA,NA,0,NA,920,101
ATLANTIC MID,1750,NA,NA,0,NA,NA,NA,0,NA,892,93
ATLANTIC MID,2250,842,133,3,77,842,133,3,77,869,92
ATLANTIC MID,2750,NA,NA,0,NA,NA,NA,0,NA,850,94
ATLANTIC MID,3250,1059,80,2,57,1059,80,2,57,836,97
ATLANTIC MID,3750,NA,NA,0,NA,NA,NA,0,NA,826,100
ATLANTIC MID,4250,NA,NA,0,NA,NA,NA,0,NA,822,103
ATLANTIC MID,4750,NA,NA,0,NA,NA,NA,0,NA,823,104
ATLANTIC MID,5250,696,150,2,106,696,150,2,106,831,104
ATLANTIC MID,5750,NA,NA,0,NA,NA,NA,0,NA,853,100
ATLANTIC MID,6250,766,122,2,86,766,122,2,86,887,97
ATLANTIC MID,6750,975,422,2,298,975,422,2,298,917,97
ATLANTIC MID,7250,NA,NA,0,NA,NA,NA,0,NA,968,92
ATLANTIC MID,7750,NA,NA,0,NA,NA,NA,0,NA,1044,92
ATLANTIC MID,8250,1116,771,2,545,1116,771,2,545,1098,96
ATLANTIC MID,8750,977,473,3,273,977,473,3,273,1118,97
ATLANTIC MID,9250,1337,446,6,182,1337,446,6,182,1121,98
ATLANTIC MID,9750,NA,NA,0,NA,NA,NA,0,NA,1087,90
ATLANTIC MID,10250,1037,376,7,142,1037,376,7,142,1028,87
ATLANTIC MID,10750,1068,353,7,133,1068,353,7,133,990,92
ATLANTIC MID,11250,792,378,19,87,792,378,19,87,971,92
ATLANTIC MID,11750,863,252,15,65,863,252,15,65,989,86
ATLANTIC MID,12250,1106,198,17,48,1106,198,17,48,1019,91
ATLANTIC MID,12750,1196,145,25,29,1196,145,25,29,1063,90
ATLANTIC MID,13250,1091,259,15,67,1091,259,15,67,1114,97
ATLANTIC MID,13750,1201,626,12,181,1201,626,12,181,1136,97
ATLANTIC MID,14250,948,283,11,85,948,283,11,85,1165,91
ATLANTIC MID,14750,1243,322,18,76,1243,322,18,76,1203,97
ATLANTIC MID,15250,1395,419,29,78,1395,419,29,78,1304,91
ATLANTIC MID,15750,1328,225,29,42,1328,225,29,42,1402,97
ATLANTIC MID,16250,1431,538,24,110,1431,538,24,110,1445,97
ATLANTIC MID,16750,1600,392,11,118,1600,392,11,118,1443,91
ATLANTIC MID,17250,1469,351,16,88,1469,351,16,88,1440,97
ATLANTIC MID,17750,1232,197,5,88,1232,197,5,88,1500,91
ATLANTIC MID,18250,1340,410,6,167,1340,410,6,167,1548,97
ATLANTIC MID,18750,2048,1165,8,412,2048,1165,8,412,1565,91
ATLANTIC MID,19250,1456,443,10,140,1456,443,10,140,1502,86
ATLANTIC MID,19750,1597,304,4,152,1597,304,4,152,1424,90
ATLANTIC MID,20250,1191,180,2,127,1191,180,2,127,1309,89
ATLANTIC MID,20750,1066,103,2,73,1066,103,2,73,1200,96
ATLANTIC MID,21250,990,422,4,211,990,422,4,211,1133,101
ATLANTIC MID,21750,NA,NA,0,NA,NA,NA,0,NA,1160,93
ATLANTIC MID,22250,1504,246,4,123,1504,246,4,123,1239,89
ATLANTIC MID,22750,1090,234,2,165,1090,234,2,165,1308,95
ATLANTIC MID,23250,1625,530,4,265,1625,530,4,265,1361,93
ATLANTIC MID,23750,1233,481,3,278,1233,481,3,278,1415,88
ATLANTIC MID,24250,NA,NA,0,NA,NA,NA,0,NA,1462,84
ATLANTIC MID,24750,1788,349,3,201,1788,349,3,201,1508,87
ATLANTIC MID,25250,1336,453,8,160,1336,453,8,160,1550,108
ATLANTIC MID,25750,1616,242,2,171,1616,242,2,171,1589,150
PACIFIC BOTTOM,250,NA,NA,0,NA,NA,NA,0,NA,NA,NA
PACIFIC BOTTOM,750,NA,NA,0,NA,NA,NA,0,NA,NA,NA
PACIFIC BOTTOM,1250,1913,221,2,156,1913,221,2,156,1826,342
PACIFIC BOTTOM,1750,1645,364,2,257,1645,364,2,257,1864,267
PACIFIC BOTTOM,2250,NA,NA,0,NA,NA,NA,0,NA,1887,216
PACIFIC BOTTOM,2750,NA,NA,0,NA,NA,NA,0,NA,1900,187
PACIFIC BOTTOM,3250,2180,489,2,346,2180,489,2,346,1905,177
PACIFIC BOTTOM,3750,1836,278,2,197,1836,278,2,197,1898,175
PACIFIC BOTTOM,4250,1866,639,3,369,1866,639,3,369,1886,176
PACIFIC BOTTOM,4750,1774,134,3,78,1774,134,3,78,1866,176
PACIFIC BOTTOM,5250,2519,1466,3,847,2519,1466,3,847,1812,180
PACIFIC BOTTOM,5750,1668,674,5,301,1668,674,5,301,1753,199
PACIFIC BOTTOM,6250,1315,893,6,365,1315,893,6,365,1728,212
PACIFIC BOTTOM,6750,1696,806,4,403,1696,806,4,403,1760,211
PACIFIC BOTTOM,7250,NA,NA,0,NA,NA,NA,0,NA,1836,215
PACIFIC BOTTOM,7750,NA,NA,0,NA,NA,NA,0,NA,1920,240
PACIFIC BOTTOM,8250,1836,184,4,92,1836,184,4,92,1971,256
PACIFIC BOTTOM,8750,NA,NA,0,NA,NA,NA,0,NA,1972,234
PACIFIC BOTTOM,9250,2694,1356,2,959,2694,1356,2,959,1950,211
PACIFIC BOTTOM,9750,1975,596,8,211,1975,596,8,211,1941,207
PACIFIC BOTTOM,10250,1320,675,4,338,1320,675,4,338,1923,199
PACIFIC BOTTOM,10750,1807,801,7,303,1807,801,7,303,1951,190
PACIFIC BOTTOM,11250,1892,242,3,140,1892,242,3,140,1984,192
PACIFIC BOTTOM,11750,2229,502,6,205,2229,502,6,205,2048,191
PACIFIC BOTTOM,12250,2342,217,2,153,2342,217,2,153,2121,203
PACIFIC BOTTOM,12750,2097,189,5,85,2097,189,5,85,2124,203
PACIFIC BOTTOM,13250,2367,1120,10,354,2367,1120,10,354,2062,194
PACIFIC BOTTOM,13750,1553,273,12,79,1553,273,12,79,2011,203
PACIFIC BOTTOM,14250,1920,929,18,219,1920,929,18,219,2084,194
PACIFIC BOTTOM,14750,2117,503,8,178,2117,503,8,178,2181,203
PACIFIC BOTTOM,15250,2487,719,6,294,2487,719,6,294,2335,203
PACIFIC BOTTOM,15750,2454,144,5,64,2454,144,5,64,2486,194
PACIFIC BOTTOM,16250,3212,1213,10,384,3212,1213,10,384,2630,203
PACIFIC BOTTOM,16750,2295,739,7,279,2295,739,7,279,2715,203
PACIFIC BOTTOM,17250,2388,315,4,157,2388,315,4,157,2733,194
PACIFIC BOTTOM,17750,3189,1296,5,580,3189,1296,5,580,2720,203
PACIFIC BOTTOM,18250,2485,734,4,367,2485,734,4,367,2661,203
PACIFIC BOTTOM,18750,2984,728,9,243,2984,728,9,243,2667,196
PACIFIC BOTTOM,19250,2655,674,6,275,2655,674,6,275,2687,206
PACIFIC BOTTOM,19750,2042,1330,3,768,2042,1330,3,768,2730,192
PACIFIC BOTTOM,20250,2865,736,2,520,2865,736,2,520,2771,193
PACIFIC BOTTOM,20750,3323,100,3,58,3323,100,3,58,2778,199
PACIFIC BOTTOM,21250,3021,389,2,275,3021,389,2,275,2874,201
PACIFIC BOTTOM,21750,2655,766,2,541,2655,766,2,541,2977,218
PACIFIC BOTTOM,22250,NA,NA,0,NA,NA,NA,0,NA,3035,220
PACIFIC BOTTOM,22750,2735,82,2,58,2735,82,2,58,3080,218
PACIFIC BOTTOM,23250,NA,NA,0,NA,NA,NA,0,NA,3103,215
PACIFIC BOTTOM,23750,3942,1440,2,1018,3942,1440,2,1018,3095,205
PACIFIC BOTTOM,24250,NA,NA,0,NA,NA,NA,0,NA,3060,196
PACIFIC BOTTOM,24750,2193,687,2,486,2193,687,2,486,3001,204
PACIFIC BOTTOM,25250,3623,759,5,339,3623,759,5,339,2912,245
PACIFIC BOTTOM,25750,2516,1092,3,631,2516,1092,3,631,2797,327
PACIFIC MID,250,1776,113,2,80,1776,113,2,80,1649,171
PACIFIC MID,750,1579,18,2,13,1579,18,2,13,1681,137
PACIFIC MID,1250,1704,169,2,120,1704,169,2,120,1710,114
PACIFIC MID,1750,NA,NA,0,NA,NA,NA,0,NA,1738,101
PACIFIC MID,2250,NA,NA,0,NA,NA,NA,0,NA,1763,97
PACIFIC MID,2750,1689,207,6,84,1689,207,6,84,1785,98
PACIFIC MID,3250,NA,NA,0,NA,NA,NA,0,NA,1804,101
PACIFIC MID,3750,1714,162,3,93,1714,162,3,93,1818,104
PACIFIC MID,4250,1677,581,2,411,1677,581,2,411,1827,106
PACIFIC MID,4750,2268,70,2,50,2268,70,2,50,1831,104
PACIFIC MID,5250,1716,324,5,145,1716,324,5,145,1832,104
PACIFIC MID,5750,NA,NA,0,NA,NA,NA,0,NA,1828,113
PACIFIC MID,6250,1895,129,2,91,1895,129,2,91,1818,121
PACIFIC MID,6750,NA,NA,0,NA,NA,NA,0,NA,1789,117
PACIFIC MID,7250,1671,247,2,174,1671,247,2,174,1741,111
PACIFIC MID,7750,NA,NA,0,NA,NA,NA,0,NA,1693,112
PACIFIC MID,8250,1284,809,6,330,1284,809,6,330,1660,113
PACIFIC MID,8750,2156,665,2,470,2156,665,2,470,1641,105
PACIFIC MID,9250,1679,385,5,172,1679,385,5,172,1627,99
PACIFIC MID,9750,1488,432,8,153,1488,432,8,153,1632,101
PACIFIC MID,10250,1573,426,14,114,1573,426,14,114,1662,97
PACIFIC MID,10750,1617,488,14,130,1617,488,14,130,1708,99
PACIFIC MID,11250,1721,399,17,97,1721,399,17,97,1753,106
PACIFIC MID,11750,1875,514,19,118,1875,514,19,118,1820,101
PACIFIC MID,12250,1886,602,14,161,1886,602,14,161,1907,104
PACIFIC MID,12750,2159,665,13,185,2159,665,13,185,1965,112
PACIFIC MID,13250,1972,398,13,110,1972,398,13,110,1960,107
PACIFIC MID,13750,1843,361,22,77,1843,361,22,77,1943,112
PACIFIC MID,14250,1910,500,27,96,1910,500,27,96,1930,104
PACIFIC MID,14750,1907,559,15,144,1907,559,15,144,1907,104
PACIFIC MID,15250,1781,361,13,100,1781,361,13,100,1910,112
PACIFIC MID,15750,2188,740,7,280,2188,740,7,280,1967,104
PACIFIC MID,16250,1858,322,6,132,1858,322,6,132,2053,104
PACIFIC MID,16750,2146,531,14,142,2146,531,14,142,2120,112
PACIFIC MID,17250,2088,773,9,258,2088,773,9,258,2149,104
PACIFIC MID,17750,2404,305,8,108,2404,305,8,108,2162,104
PACIFIC MID,18250,2305,232,5,104,2305,232,5,104,2177,112
PACIFIC MID,18750,1950,363,9,121,1950,363,9,121,2169,107
PACIFIC MID,19250,2143,469,16,117,2143,469,16,117,2169,112
PACIFIC MID,19750,2144,629,11,190,2144,629,11,190,2238,104
PACIFIC MID,20250,2332,485,11,146,2332,485,11,146,2335,99
PACIFIC MID,20750,2335,718,5,321,2335,718,5,321,2398,100
PACIFIC MID,21250,2582,305,4,152,2582,305,4,152,2423,97
PACIFIC MID,21750,2631,238,4,119,2631,238,4,119,2440,104
PACIFIC MID,22250,2644,687,4,343,2644,687,4,343,2445,113
PACIFIC MID,22750,2224,285,3,165,2224,285,3,165,2438,114
PACIFIC MID,23250,NA,NA,0,NA,NA,NA,0,NA,2423,113
PACIFIC MID,23750,2699,NA,1,NA,NA,NA,0,NA,2396,111
PACIFIC MID,24250,1740,577,2,408,1740,577,2,408,2357,109
PACIFIC MID,24750,NA,NA,0,NA,NA,NA,0,NA,2302,108
PACIFIC MID,25250,2846,630,2,446,2846,630,2,446,2230,111
PACIFIC MID,25750,2293,1558,5,697,2293,1558,5,697,2143,124
SOUTHERN BOTTOM,250,NA,NA,0,NA,NA,NA,0,NA,NA,NA
SOUTHERN BOTTOM,750,1374,13,2,10,1374,13,2,10,1392,227
SOUTHERN BOTTOM,1250,1564,586,3,339,1564,586,3,339,1335,171
SOUTHERN BOTTOM,1750,1114,296,5,132,1114,296,5,132,1291,136
SOUTHERN BOTTOM,2250,NA,NA,0,NA,NA,NA,0,NA,1264,123
SOUTHERN BOTTOM,2750,1194,476,3,275,1194,476,3,275,1249,125
SOUTHERN BOTTOM,3250,989,665,2,470,989,665,2,470,1245,132
SOUTHERN BOTTOM,3750,1276,1013,2,716,1276,1013,2,716,1247,139
SOUTHERN BOTTOM,4250,1383,672,2,475,1383,672,2,475,1268,138
SOUTHERN BOTTOM,4750,NA,NA,0,NA,NA,NA,0,NA,1310,133
SOUTHERN BOTTOM,5250,1303,32,2,23,1303,32,2,23,1359,135
SOUTHERN BOTTOM,5750,NA,NA,0,NA,NA,NA,0,NA,1398,144
SOUTHERN BOTTOM,6250,1393,365,2,258,1393,365,2,258,1412,148
SOUTHERN BOTTOM,6750,1791,638,2,451,1791,638,2,451,1384,136
SOUTHERN BOTTOM,7250,1205,391,4,195,1205,391,4,195,1334,127
SOUTHERN BOTTOM,7750,1098,677,3,391,1098,677,3,391,1299,130
SOUTHERN BOTTOM,8250,1224,473,3,273,1224,473,3,273,1274,128
SOUTHERN BOTTOM,8750,1291,323,4,161,1291,323,4,161,1247,136
SOUTHERN BOTTOM,9250,1277,481,5,215,1277,481,5,215,1237,147
SOUTHERN BOTTOM,9750,NA,NA,0,NA,NA,NA,0,NA,1260,139
SOUTHERN BOTTOM,10250,1059,373,6,152,1059,373,6,152,1303,129
SOUTHERN BOTTOM,10750,1714,639,4,320,1714,639,4,320,1343,133
SOUTHERN BOTTOM,11250,1242,410,10,130,1242,410,10,130,1354,138
SOUTHERN BOTTOM,11750,1522,143,9,48,1522,143,9,48,1312,128
SOUTHERN BOTTOM,12250,1198,347,8,123,1198,347,8,123,1246,127
SOUTHERN BOTTOM,12750,1110,512,10,162,1110,512,10,162,1213,135
SOUTHERN BOTTOM,13250,1325,325,11,98,1325,325,11,98,1217,134
SOUTHERN BOTTOM,13750,1026,197,5,88,1026,197,5,88,1241,142
SOUTHERN BOTTOM,14250,1083,304,12,88,1083,304,12,88,1291,133
SOUTHERN BOTTOM,14750,1626,441,17,107,1626,441,17,107,1363,133
SOUTHERN BOTTOM,15250,1802,553,10,175,1802,553,10,175,1454,142
SOUTHERN BOTTOM,15750,1614,452,5,202,1614,452,5,202,1567,133
SOUTHERN BOTTOM,16250,1091,845,4,422,1091,845,4,422,1696,133
SOUTHERN BOTTOM,16750,1862,812,3,469,1862,812,3,469,1823,142
SOUTHERN BOTTOM,17250,2098,570,4,285,2098,570,4,285,1966,132
SOUTHERN BOTTOM,17750,2415,849,5,380,2415,849,5,380,2120,129
SOUTHERN BOTTOM,18250,2258,523,9,174,2258,523,9,174,2234,134
SOUTHERN BOTTOM,18750,1886,307,6,125,1886,307,6,125,2303,129
SOUTHERN BOTTOM,19250,2973,1329,3,767,2973,1329,3,767,2343,133
SOUTHERN BOTTOM,19750,1932,349,6,143,1932,349,6,143,2325,128
SOUTHERN BOTTOM,20250,2006,357,4,179,2006,357,4,179,2273,128
SOUTHERN BOTTOM,20750,2925,1447,3,835,2925,1447,3,835,2238,134
SOUTHERN BOTTOM,21250,1660,254,3,147,1660,254,3,147,2231,133
SOUTHERN BOTTOM,21750,NA,NA,0,NA,NA,NA,0,NA,2223,135
SOUTHERN BOTTOM,22250,2137,323,2,228,2137,323,2,228,2211,146
SOUTHERN BOTTOM,22750,2421,548,5,245,2421,548,5,245,2194,153
SOUTHERN BOTTOM,23250,NA,NA,0,NA,NA,NA,0,NA,2173,149
SOUTHERN BOTTOM,23750,NA,NA,0,NA,NA,NA,0,NA,2148,141
SOUTHERN BOTTOM,24250,2234,373,2,264,2234,373,2,264,2117,132
SOUTHERN BOTTOM,24750,1788,705,3,407,1788,705,3,407,2073,127
SOUTHERN BOTTOM,25250,2270,1056,3,610,2270,1056,3,610,2012,134
SOUTHERN BOTTOM,25750,2159,651,4,325,2159,651,4,325,1934,165
SOUTHERN MID,250,1294,166,4,83,1294,166,4,83,1286,320
SOUTHERN MID,750,NA,NA,0,NA,NA,NA,0,NA,1304,271
SOUTHERN MID,1250,NA,NA,0,NA,NA,NA,0,NA,1319,236
SOUTHERN MID,1750,1305,324,3,187,1305,324,3,187,1329,214
SOUTHERN MID,2250,NA,NA,0,NA,NA,NA,0,NA,1336,203
SOUTHERN MID,2750,NA,NA,0,NA,NA,NA,0,NA,1338,198
SOUTHERN MID,3250,NA,NA,0,NA,NA,NA,0,NA,1336,199
SOUTHERN MID,3750,NA,NA,0,NA,NA,NA,0,NA,1331,201
SOUTHERN MID,4250,NA,NA,0,NA,NA,NA,0,NA,1323,205
SOUTHERN MID,4750,NA,NA,0,NA,NA,NA,0,NA,1313,209
SOUTHERN MID,5250,1330,240,2,170,1330,240,2,170,1301,211
SOUTHERN MID,5750,1422,48,2,34,1422,48,2,34,1285,214
SOUTHERN MID,6250,NA,NA,0,NA,NA,NA,0,NA,1260,216
SOUTHERN MID,6750,1080,407,2,288,1080,407,2,288,1229,221
SOUTHERN MID,7250,NA,NA,0,NA,NA,NA,0,NA,1203,221
SOUTHERN MID,7750,NA,NA,0,NA,NA,NA,0,NA,1175,221
SOUTHERN MID,8250,NA,NA,0,NA,NA,NA,0,NA,1148,231
SOUTHERN MID,8750,NA,NA,0,NA,NA,NA,0,NA,1125,253
SOUTHERN MID,9250,1932,NA,1,NA,NA,NA,0,NA,1107,275
SOUTHERN MID,9750,NA,NA,0,NA,NA,NA,0,NA,1097,284
SOUTHERN MID,10250,1092,91,4,45,1092,91,4,45,1096,267
SOUTHERN MID,10750,NA,NA,0,NA,NA,NA,0,NA,1109,224
SOUTHERN MID,11250,1122,245,9,82,1122,245,9,82,1126,196
SOUTHERN MID,11750,1063,208,11,63,1063,208,11,63,1133,198
SOUTHERN MID,12250,1106,311,15,80,1106,311,15,80,1131,197
SOUTHERN MID,12750,1234,431,7,163,1234,431,7,163,1084,204
SOUTHERN MID,13250,1034,112,6,46,1034,112,6,46,1030,221
SOUTHERN MID,13750,848,363,15,94,848,363,15,94,973,221
SOUTHERN MID,14250,1044,145,20,32,1044,145,20,32,1013,221
SOUTHERN MID,14750,1217,335,28,63,1217,335,28,63,1133,221
SOUTHERN MID,15250,1157,192,16,48,1157,192,16,48,1249,221
SOUTHERN MID,15750,1370,349,14,93,1370,349,14,93,1311,221
SOUTHERN MID,16250,1422,418,11,126,1422,418,11,126,1409,221
SOUTHERN MID,16750,1460,395,10,125,1460,395,10,125,1570,221
SOUTHERN MID,17250,1809,414,5,185,1809,414,5,185,1717,221
SOUTHERN MID,17750,1904,496,6,202,1904,496,6,202,1894,204
SOUTHERN MID,18250,1841,573,6,234,1841,573,6,234,1889,197
SOUTHERN MID,18750,2156,155,3,89,2156,155,3,89,1827,212
SOUTHERN MID,19250,1367,335,4,167,1367,335,4,167,1848,226
SOUTHERN MID,19750,NA,NA,0,NA,NA,NA,0,NA,1876,228
SOUTHERN MID,20250,2281,1262,5,564,2281,1262,5,564,1891,226
SOUTHERN MID,20750,2192,NA,1,NA,NA,NA,0,NA,1909,214
SOUTHERN MID,21250,1685,292,3,169,1685,292,3,169,1916,219
SOUTHERN MID,21750,1977,549,2,388,1977,549,2,388,1891,250
SOUTHERN MID,22250,NA,NA,0,NA,NA,NA,0,NA,1842,270
SOUTHERN MID,22750,NA,NA,0,NA,NA,NA,0,NA,1799,279
SOUTHERN MID,23250,NA,NA,0,NA,NA,NA,0,NA,1773,276
SOUTHERN MID,23750,NA,NA,0,NA,NA,NA,0,NA,1773,262
SOUTHERN MID,24250,NA,NA,0,NA,NA,NA,0,NA,1808,242
SOUTHERN MID,24750,NA,NA,0,NA,NA,NA,0,NA,1888,229
SOUTHERN MID,25250,1094,432,3,249,1094,432,3,249,2022,240
SOUTHERN MID,25750,2961,2923,3,1687,2961,2923,3,1687,2214,290